{"cameraMode":{"drawMode":0,"name":"Shaded","section":"Shading Mode"},"sceneLighting":false,"audioPlay":false,"sceneViewState":{"showFog":true,"showMaterialUpdate":false,"showSkybox":false,"showFlares":true,"showImageEffects":true,"showParticleSystems":true},"in2DMode":false,"pivot":{"x":-0.06403669714927674,"y":0.6035078763961792,"z":299.2674255371094},"rotation":{"x":-0.05682353302836418,"y":-0.03073136880993843,"z":0.0017536767991259695,"w":-0.9979167580604553},"size":0.7499999403953552,"orthographic":false}