{"cameraMode":{"drawMode":0,"name":"Shaded","section":"Shading Mode"},"sceneLighting":false,"audioPlay":false,"sceneViewState":{"showFog":true,"showMaterialUpdate":false,"showSkybox":false,"showFlares":true,"showImageEffects":true,"showParticleSystems":true},"in2DMode":false,"pivot":{"x":1.2895708084106446,"y":0.15345025062561036,"z":-0.022530555725097657},"rotation":{"x":0.3187471926212311,"y":0.0511501282453537,"z":-0.017228959128260614,"w":0.9463026523590088},"size":1.7660253047943116,"orthographic":false}