{"cameraMode":{"drawMode":0,"name":"Shaded","section":"Shading Mode"},"sceneLighting":false,"audioPlay":false,"sceneViewState":{"showFog":true,"showMaterialUpdate":false,"showSkybox":false,"showFlares":true,"showImageEffects":true,"showParticleSystems":true},"in2DMode":false,"pivot":{"x":143.17747497558595,"y":-155.67886352539063,"z":545.97705078125},"rotation":{"x":-0.28510138392448428,"y":-0.1002415344119072,"z":0.02999887801706791,"w":-0.9527758955955505},"size":0.8660253882408142,"orthographic":false}